{
  "success": true,
  "score": 45.91859408140592,
  "scoreJson": {
    "CMeEE-V2-Micro-F1": 45.91859408140592,
    "score": 45.91859408140592
  }
}